{"cameraMode":{"drawMode":0,"name":"Shaded","section":"Shading Mode"},"sceneLighting":true,"audioPlay":false,"sceneViewState":{"m_AlwaysRefresh":false,"showFog":true,"showSkybox":true,"showFlares":true,"showImageEffects":true,"showParticleSystems":true,"showVisualEffectGraphs":true,"m_FxEnabled":true},"in2DMode":false,"pivot":{"x":0.626249372959137,"y":1.155639886856079,"z":2.9510648250579836},"rotation":{"x":0.25685369968414309,"y":0.019139941781759263,"z":-0.00510723702609539,"w":0.9662802219390869},"size":0.4111176133155823,"orthographic":false}